Title,Price,Area,Rooms,Energy Rating,Address,URL
Nye funktioner under “Din profil”,N/A,N/A,N/A,N/A,N/A,https://www.boligsiden.dk/adresse/rebaek-soepark-19-0-tv-2650-hvidovre-01676690__19_st__tv
Nye funktioner under “Din profil”,N/A,N/A,N/A,N/A,N/A,https://www.boligsiden.dk/adresse/naesborgvej-32-1-tv-2650-hvidovre-01676123__32__1__tv
Nye funktioner under “Din profil”,N/A,N/A,N/A,N/A,N/A,https://www.boligsiden.dk/adresse/naesborgvej-12-1-th-2650-hvidovre-01676123__12__1__th
Nye funktioner under “Din profil”,N/A,N/A,N/A,N/A,N/A,https://www.boligsiden.dk/adresse/rebaek-soepark-17-4-th-2650-hvidovre-01676690__17__4__th
Nye funktioner under “Din profil”,N/A,N/A,N/A,N/A,N/A,https://www.boligsiden.dk/adresse/hvidovrevej-275-1-12-2650-hvidovre-01674032_275__1__12
Nye funktioner under “Din profil”,N/A,N/A,N/A,N/A,N/A,https://www.boligsiden.dk/adresse/naesborgvej-16-0-tv-2650-hvidovre-01676123__16_st__tv
Nye funktioner under “Din profil”,N/A,N/A,N/A,N/A,N/A,https://www.boligsiden.dk/adresse/kettegaard-alle-51-1-th-2650-hvidovre-01674599__51__1__th
Nye funktioner under “Din profil”,N/A,N/A,N/A,N/A,N/A,https://www.boligsiden.dk/adresse/vigerslevvej-39-0-th-2500-valby-01018320__39_st__th
Nye funktioner under “Din profil”,N/A,N/A,N/A,N/A,N/A,https://www.boligsiden.dk/adresse/stillidsvej-1a-1-2-2650-hvidovre-01677736__1a__1___2
Nye funktioner under “Din profil”,N/A,N/A,N/A,N/A,N/A,https://www.boligsiden.dk/adresse/naesborgvej-80-0-th-2650-hvidovre-01676123__80_st__th
Nye funktioner under “Din profil”,N/A,N/A,N/A,N/A,N/A,https://www.boligsiden.dk/adresse/naesborgvej-80-1-th-2650-hvidovre-01676123__80__1__th
Nye funktioner under “Din profil”,N/A,N/A,N/A,N/A,N/A,https://www.boligsiden.dk/adresse/naesborgvej-12-1-tv-2650-hvidovre-01676123__12__1__tv
Nye funktioner under “Din profil”,N/A,N/A,N/A,N/A,N/A,https://www.boligsiden.dk/adresse/gammel-koege-landevej-266f-0-tv-2650-hvidovre-01672807266f_st__tv
Nye funktioner under “Din profil”,N/A,N/A,N/A,N/A,N/A,https://www.boligsiden.dk/adresse/rebaek-soepark-15-1-th-2650-hvidovre-01676690__15__1__th
Nye funktioner under “Din profil”,N/A,N/A,N/A,N/A,N/A,https://www.boligsiden.dk/adresse/rebaek-soepark-7-5-tv-2650-hvidovre-01676690___7__5__tv
Nye funktioner under “Din profil”,N/A,N/A,N/A,N/A,N/A,https://www.boligsiden.dk/adresse/baunebakkevej-25-1-2650-hvidovre-01670597__25__1____
Nye funktioner under “Din profil”,N/A,N/A,N/A,N/A,N/A,https://www.boligsiden.dk/adresse/naesborgvej-82-1-th-2650-hvidovre-01676123__82__1__th
Nye funktioner under “Din profil”,N/A,N/A,N/A,N/A,N/A,https://www.boligsiden.dk/adresse/gammel-koege-landevej-308b-3-2650-hvidovre-01672807308b__3____
Nye funktioner under “Din profil”,N/A,N/A,N/A,N/A,N/A,https://www.boligsiden.dk/adresse/vigerslevvej-328-0-tv-2500-valby-01018320_328_st__tv
Nye funktioner under “Din profil”,N/A,N/A,N/A,N/A,N/A,https://www.boligsiden.dk/adresse/hvidovrevej-180-3-304-2650-hvidovre-01674032_180__3_304
Nye funktioner under “Din profil”,N/A,N/A,N/A,N/A,N/A,https://www.boligsiden.dk/adresse/bonkesvej-6-2-tv-2650-hvidovre-01670985___6__2__tv
Nye funktioner under “Din profil”,N/A,N/A,N/A,N/A,N/A,https://www.boligsiden.dk/adresse/urtehaven-6a-1-th-2500-valby-01017872__6a__1__th
Nye funktioner under “Din profil”,N/A,N/A,N/A,N/A,N/A,https://www.boligsiden.dk/adresse/urtehaven-6b-2-th-2500-valby-01017872__6b__2__th
Nye funktioner under “Din profil”,N/A,N/A,N/A,N/A,N/A,https://www.boligsiden.dk/adresse/naesborgvej-62-2-tv-2650-hvidovre-01676123__62__2__tv
Nye funktioner under “Din profil”,N/A,N/A,N/A,N/A,N/A,https://www.boligsiden.dk/adresse/dansborg-alle-3-1-4-2650-hvidovre-01671612___3__1___4
Nye funktioner under “Din profil”,N/A,N/A,N/A,N/A,N/A,https://www.boligsiden.dk/adresse/spinderigade-5-3-1-2500-valby-01016771___5__3___1
Nye funktioner under “Din profil”,N/A,N/A,N/A,N/A,N/A,https://www.boligsiden.dk/adresse/naesborgvej-42-2-th-2650-hvidovre-01676123__42__2__th
Nye funktioner under “Din profil”,N/A,N/A,N/A,N/A,N/A,https://www.boligsiden.dk/adresse/vigerslevvej-61b-0-th-2500-valby-01018320_61b_st__th
Nye funktioner under “Din profil”,N/A,N/A,N/A,N/A,N/A,https://www.boligsiden.dk/adresse/kloeverprisvej-11-0-tv-2650-hvidovre-01674809__11_st__tv
Nye funktioner under “Din profil”,N/A,N/A,N/A,N/A,N/A,https://www.boligsiden.dk/adresse/hovedporten-3d-0-2650-hvidovre-01673706__3d_st____
Nye funktioner under “Din profil”,N/A,N/A,N/A,N/A,N/A,https://www.boligsiden.dk/adresse/lindebugten-2-2-th-2500-valby-01014324___2__2__th
Nye funktioner under “Din profil”,N/A,N/A,N/A,N/A,N/A,https://www.boligsiden.dk/adresse/lily-brobergs-vej-55-2-tv-2500-valby-01014310__55__2__tv
Nye funktioner under “Din profil”,N/A,N/A,N/A,N/A,N/A,https://www.boligsiden.dk/adresse/spinderigade-20-1-th-2500-valby-01016771__20__1__th
Nye funktioner under “Din profil”,N/A,N/A,N/A,N/A,N/A,https://www.boligsiden.dk/adresse/vigerslevvej-295-0-th-2500-valby-01018320_295_st__th
Nye funktioner under “Din profil”,N/A,N/A,N/A,N/A,N/A,https://www.boligsiden.dk/adresse/carl-jacobsens-vej-14s-2-tv-2500-valby-01011064_14s__2__tv
Nye funktioner under “Din profil”,N/A,N/A,N/A,N/A,N/A,https://www.boligsiden.dk/adresse/vigerslevvej-35-3-mf-2500-valby-01018320__35__3__mf
Nye funktioner under “Din profil”,N/A,N/A,N/A,N/A,N/A,https://www.boligsiden.dk/adresse/carl-jacobsens-vej-14s-3-tv-2500-valby-01011064_14s__3__tv
Nye funktioner under “Din profil”,N/A,N/A,N/A,N/A,N/A,https://www.boligsiden.dk/adresse/roskildevej-155-1-th-2500-valby-01015968_155__1__th
Nye funktioner under “Din profil”,N/A,N/A,N/A,N/A,N/A,https://www.boligsiden.dk/adresse/valby-langgade-209-2-2500-valby-01017912_209__2____
Nye funktioner under “Din profil”,N/A,N/A,N/A,N/A,N/A,https://www.boligsiden.dk/adresse/karin-nellemoses-vej-12-2-th-2500-valby-01013574__12__2__th
Nye funktioner under “Din profil”,N/A,N/A,N/A,N/A,N/A,https://www.boligsiden.dk/adresse/ingrid-marievej-66-1-1-2500-valby-01013278__66__1___1
